#,Temp,T Sort,Pressure,P Sort,Backflow,B Sort,Ave Sort,,Pressure,
52,-1.09%,78,-5.04%,33,-25.86%,85,65,,-5.65%,-2.93%
247,-1.18%,69,-5.45%,32,-23.14%,119,73,,4.83%,9.10%
73,-1.56%,48,-3.26%,80,-21.41%,145,91,,-4.81%,-10.57%
110,-0.87%,100,-3.31%,77,-25.27%,98,92,,-6.22%,-35.43%
605,-0.58%,142,-3.31%,78,-26.82%,63,94,,-0.93%,-3.73%
77,-0.67%,129,-1.63%,207,-29.31%,33,123,,-2.72%,
96,-0.19%,285,-3.05%,91,-30.05%,23,133,,-4.27%,
94,-3.89%,5,-7.62%,14,-9.58%,403,141,,5.76%,
613,-0.16%,303,-3.20%,84,-28.65%,40,142,,29.22%,
119,-1.20%,64,-5.86%,25,-11.18%,361,150,,2.80%,
374,-1.54%,50,-2.15%,156,-15.64%,250,152,,,-8.71%
607,-0.56%,146,-2.47%,130,-18.80%,182,153,,,
577,-0.21%,272,-4.11%,50,-20.77%,155,159,,,
430,-0.10%,359,-4.63%,38,-25.72%,87,161,,Temp,
106,-0.41%,186,-1.39%,250,-27.42%,54,163,,25.26%,32.79%
616,-0.26%,239,-1.71%,197,-26.46%,73,170,,6.26%,13.21%
67,-0.34%,205,-1.13%,293,-29.67%,28,175,,3.02%,10.78%
99,0.03%,476,-3.95%,54,-37.12%,1,177,,-4.21%,-7.14%
62,-0.49%,168,-1.10%,299,-25.87%,84,184,,-5.94%,-3.40%
408,-0.07%,388,-2.15%,158,-33.06%,7,184,,-7.53%,
416,-0.77%,111,-0.75%,356,-24.94%,104,190,,-6.95%,
390,-0.29%,219,-1.33%,261,-25.56%,92,191,,-7.76%,
232,-0.16%,306,-2.36%,139,-22.57%,128,191,,2.92%,
125,-1.60%,43,-3.25%,81,-7.71%,451,192,,-2.54%,
418,-0.13%,325,-1.42%,242,-31.43%,14,194,,,9.25%
602,0.01%,461,-2.42%,133,-34.23%,2,199,,,
719,-0.52%,158,-3.53%,68,-10.23%,387,204,,,
884,-0.26%,244,-20.98%,1,-10.83%,372,206,,,
622,-0.29%,223,-1.49%,233,-18.51%,188,215,,,
564,-0.58%,139,-1.96%,176,-11.94%,336,217,,,
395,-0.03%,414,-2.25%,149,-25.26%,99,221,,,
948,-0.36%,200,-1.56%,219,-15.76%,249,223,,,
31,-2.15%,23,-3.64%,65,-1.96%,586,225,,,
316,-0.42%,184,-1.26%,277,-17.52%,216,226,,,
582,-0.73%,117,-3.22%,83,-6.68%,480,227,,,
88,-1.35%,57,0.28%,509,-22.58%,127,231,,,
296,-1.77%,34,-0.42%,404,-14.70%,268,235,,,
79,-0.43%,180,0.29%,511,-30.61%,18,236,,,
614,0.02%,466,-1.86%,185,-26.68%,67,239,,,
465,-1.57%,46,-0.55%,385,-13.68%,290,240,,,
253,-2.96%,14,-0.21%,435,-14.51%,274,241,,,
872,-0.19%,282,-2.11%,161,-14.27%,282,242,,,
252,-0.15%,317,-1.31%,266,-21.10%,149,244,,,
388,-0.12%,332,-0.46%,398,-32.04%,8,246,,,
716,-0.42%,183,-3.39%,72,-6.61%,483,246,,,
609,-0.12%,339,-0.72%,358,-28.06%,43,247,,,
260,0.01%,459,-4.32%,46,-16.28%,237,247,,,
118,0.10%,551,-4.13%,49,-21.47%,143,248,,,
596,-0.44%,178,0.31%,516,-27.58%,51,248,,,
588,-0.94%,92,-3.58%,67,-1.89%,589,249,,,
385,-0.18%,295,-0.49%,392,-26.90%,62,250,,,
423,-0.19%,283,0.00%,464,-33.74%,5,251,,,
554,-0.48%,173,-5.75%,27,-3.39%,559,253,,,
30,-0.35%,202,-3.76%,59,-5.58%,509,257,,,
243,-0.47%,175,-0.24%,434,-20.44%,163,257,,,
70,0.22%,642,-3.04%,93,-28.60%,41,259,,,
91,-0.20%,278,-1.16%,287,-17.66%,211,259,,,
625,-0.70%,123,-1.19%,286,-10.91%,367,259,,,
386,-0.09%,360,-0.49%,393,-30.01%,24,259,,,
841,-0.12%,337,-2.19%,153,-13.91%,288,259,,,
83,-2.09%,24,0.92%,623,-22.25%,132,260,,,
256,-2.20%,21,-0.07%,456,-13.01%,302,260,,,
86,-0.24%,257,-1.02%,313,-17.45%,218,263,,,
323,-0.79%,107,-1.87%,184,-6.15%,498,263,,,
265,-0.18%,293,-0.15%,442,-26.77%,64,266,,,
590,-0.70%,122,-0.27%,429,-15.61%,252,268,,,
597,0.04%,492,-1.70%,199,-23.03%,125,272,,,
775,-0.17%,300,-2.65%,114,-9.35%,409,274,,,
612,-0.09%,371,-0.38%,410,-27.97%,45,275,,,
114,-1.60%,44,-0.34%,417,-10.78%,374,278,,,
971,-0.66%,130,-0.91%,327,-10.46%,383,280,,,
298,-0.63%,133,-2.80%,103,-0.45%,613,283,,,
449,-0.16%,307,-2.83%,101,-7.29%,458,289,,,
546,-0.12%,341,-2.26%,148,-10.68%,378,289,,,
979,0.04%,488,-2.62%,117,-14.69%,269,291,,,
818,-0.09%,372,-2.81%,102,-9.70%,400,291,,,
519,-0.01%,434,-3.24%,82,-11.19%,360,292,,,
819,-0.03%,421,-1.91%,182,-14.44%,275,293,,,
552,-0.34%,206,-3.14%,88,-1.94%,587,294,,,
621,0.06%,514,-1.16%,288,-25.91%,82,295,,,
943,-0.08%,376,-0.56%,381,-22.03%,136,298,,,
359,-0.67%,127,-3.43%,70,7.03%,718,305,,,
766,-0.26%,241,-1.74%,194,-6.65%,482,306,,,
38,-0.27%,236,-2.08%,163,-5.25%,519,306,,,
398,0.21%,636,-1.66%,206,-26.06%,79,307,,,
715,-0.33%,208,-1.34%,257,-7.40%,456,307,,,
611,-0.51%,164,2.12%,745,-31.53%,13,307,,,
866,-1.09%,77,-9.81%,6,23.56%,839,307,,,
115,-2.36%,18,-0.91%,329,-2.72%,577,308,,,
586,-1.06%,79,-2.07%,164,4.50%,681,308,,,
627,-1.28%,62,0.44%,544,-12.41%,319,308,,,
727,-0.67%,128,-2.57%,121,4.46%,680,310,,,
90,-0.72%,119,1.08%,638,-19.36%,175,311,,,
128,-0.45%,177,-6.23%,20,8.58%,735,311,,,
591,-0.09%,370,-1.95%,178,-10.36%,385,311,,,
367,-1.00%,83,-5.60%,30,19.78%,820,311,,,
309,-1.84%,32,-9.35%,9,34.47%,894,312,,,
269,-1.46%,53,-0.78%,349,-4.31%,539,314,,,
858,0.05%,498,-2.70%,111,-12.08%,333,314,,,
249,0.05%,496,-0.91%,328,-23.10%,121,315,,,
965,-0.09%,369,-0.44%,403,-19.39%,174,315,,,
935,-0.12%,335,-0.89%,333,-14.32%,280,316,,,
326,0.01%,458,-1.31%,265,-16.95%,227,317,,,
336,-0.42%,182,-3.39%,71,5.36%,697,317,,,
530,-0.52%,159,-1.46%,237,-3.44%,555,317,,,
490,-1.72%,40,-4.89%,35,31.73%,876,317,,,
952,-0.03%,418,-0.78%,350,-18.64%,185,318,,,
442,0.13%,571,-2.44%,132,-15.62%,251,318,,,
881,-0.06%,396,-1.20%,282,-14.43%,276,318,,,
652,-2.21%,20,-5.87%,24,39.69%,910,318,,,
312,-0.99%,84,-4.40%,44,21.11%,829,319,,,
107,0.25%,661,-1.56%,220,-26.11%,78,320,,,
592,0.38%,748,-3.37%,73,-21.90%,138,320,,,
104,-0.55%,150,2.48%,772,-28.21%,42,321,,,
822,-0.09%,375,-0.63%,371,-17.23%,222,323,,,
598,0.07%,517,-0.49%,395,-26.97%,60,324,,,
217,0.07%,520,-1.27%,275,-18.90%,180,325,,,
966,-0.24%,258,0.44%,545,-19.57%,173,325,,,
861,0.12%,566,-2.00%,172,-16.11%,240,326,,,
921,-0.10%,351,-4.72%,37,-1.68%,590,326,,,
393,0.19%,614,-0.88%,334,-29.57%,31,326,,,
512,-1.75%,35,-13.41%,3,57.94%,941,326,,,
226,-0.95%,91,-1.54%,225,3.41%,664,327,,,
399,-0.51%,162,1.52%,689,-22.39%,130,327,,,
955,-0.21%,274,0.26%,503,-17.90%,205,327,,,
406,0.37%,735,-1.60%,212,-28.83%,39,329,,,
488,-1.33%,60,-3.95%,53,29.80%,873,329,,,
193,-0.01%,439,-3.11%,89,-7.27%,461,330,,,
983,-0.38%,192,-0.61%,373,-8.75%,427,331,,,
851,-0.02%,428,-2.26%,146,-8.91%,420,331,,,
157,-5.71%,1,-13.78%,2,211.04%,992,332,,,
973,-0.08%,379,-1.42%,241,-10.71%,376,332,,,
8,-0.62%,135,-1.34%,255,-0.79%,607,332,,,
709,-0.58%,141,-0.82%,341,-5.32%,516,333,,,
656,-1.04%,81,-3.36%,74,25.45%,845,333,,,
164,-3.01%,11,-6.46%,19,107.27%,971,334,,,
160,-4.10%,4,-8.78%,10,180.13%,989,334,,,
53,0.13%,569,-1.27%,276,-20.56%,161,335,,,
750,-0.03%,422,-3.83%,56,-4.62%,530,336,,,
787,-0.03%,416,-6.11%,22,-2.88%,575,338,,,
214,-0.13%,327,-0.24%,433,-15.42%,255,338,,,
699,-0.81%,106,-2.66%,113,16.76%,799,339,,,
169,-3.42%,7,-4.38%,45,96.34%,966,339,,,
849,0.14%,575,-2.97%,95,-11.32%,352,341,,,
857,-0.16%,308,0.10%,480,-16.34%,235,341,,,
58,0.19%,622,-1.11%,295,-24.26%,110,342,,,
215,-0.09%,366,-0.41%,407,-15.40%,257,343,,,
439,-0.18%,292,0.10%,483,-15.42%,256,344,,,
80,0.32%,708,-1.01%,314,-31.81%,10,344,,,
595,-0.03%,424,0.58%,564,-28.03%,44,344,,,
820,-0.09%,373,-0.32%,424,-16.14%,239,345,,,
815,-0.23%,263,-0.68%,361,-9.29%,412,345,,,
523,-0.38%,193,-0.93%,325,-5.10%,521,346,,,
507,-1.19%,68,-4.09%,51,44.01%,920,346,,,
150,-2.33%,19,-4.59%,39,161.56%,982,347,,,
751,-0.19%,287,-1.52%,228,-4.92%,526,347,,,
756,-0.51%,163,-1.63%,208,3.82%,670,347,,,
543,-0.14%,323,-1.28%,271,-7.84%,448,347,,,
682,-3.87%,6,-3.83%,57,146.90%,979,347,,,
375,-0.97%,87,1.03%,635,-12.39%,322,348,,,
628,-0.21%,273,-0.65%,368,-9.53%,404,348,,,
178,-0.24%,252,-2.11%,162,0.78%,631,348,,,
394,-0.09%,363,0.73%,598,-25.78%,86,349,,,
960,-0.57%,144,0.21%,496,-9.44%,407,349,,,
647,-1.96%,29,-2.50%,128,33.93%,891,349,,,
401,0.08%,542,-0.67%,364,-21.47%,144,350,,,
838,-0.70%,124,0.99%,629,-13.25%,299,351,,,
141,-1.04%,80,-5.62%,29,58.92%,943,351,,,
75,-0.76%,113,5.47%,912,-29.64%,29,351,,,
235,0.13%,570,-1.04%,309,-19.32%,176,352,,,
990,-0.03%,423,-2.55%,125,-5.59%,508,352,,,
879,-0.40%,189,0.92%,625,-15.97%,243,352,,,
748,0.02%,465,-1.01%,317,-14.35%,279,354,,,
992,-0.07%,391,-2.21%,152,-5.26%,518,354,,,
568,-0.01%,437,-0.32%,422,-17.94%,204,354,,,
946,-0.11%,343,0.42%,542,-18.94%,179,355,,,
524,-0.21%,270,-1.69%,201,-1.48%,594,355,,,
862,0.06%,509,-1.03%,311,-15.91%,246,355,,,
421,-0.29%,218,2.09%,743,-24.64%,106,356,,,
739,-0.19%,290,-5.03%,34,9.11%,747,357,,,
170,-0.97%,86,-6.99%,17,101.01%,968,357,,,
284,-1.47%,52,0.86%,615,-9.47%,406,358,,,
769,0.17%,591,-1.56%,221,-15.21%,262,358,,,
4,-1.91%,30,-1.27%,274,11.44%,770,358,,,
510,-0.47%,174,-4.79%,36,28.65%,864,358,,,
617,-0.30%,213,1.55%,693,-19.70%,170,359,,,
824,0.19%,621,-2.02%,170,-14.06%,285,359,,,
13,-1.40%,55,-0.75%,357,3.53%,665,359,,,
852,0.05%,493,-1.15%,290,-13.57%,295,359,,,
223,-0.06%,402,-1.03%,310,-10.99%,366,359,,,
143,-1.10%,74,-4.56%,40,84.41%,964,359,,,
237,0.19%,618,-0.77%,353,-24.42%,108,360,,,
238,-0.27%,230,1.23%,655,-18.12%,196,360,,,
289,-0.09%,361,-7.27%,15,6.48%,707,361,,,
944,0.41%,763,-1.85%,186,-21.91%,137,362,,,
734,-0.12%,333,-0.61%,374,-10.66%,379,362,,,
720,-0.18%,296,-1.96%,175,-0.35%,616,362,,,
500,-1.54%,49,-3.08%,90,62.52%,949,363,,,
753,0.01%,462,-1.59%,213,-8.82%,423,366,,,
670,-1.30%,61,-2.74%,106,49.41%,933,367,,,
780,0.01%,464,-1.38%,251,-10.29%,386,367,,,
732,-0.05%,408,-1.52%,230,-7.25%,464,367,,,
463,-1.98%,28,-2.72%,108,98.40%,967,368,,,
424,0.20%,629,-0.14%,444,-29.35%,32,368,,,
136,-0.75%,116,-2.26%,147,24.80%,842,368,,,
804,-0.16%,301,-3.74%,60,8.98%,745,369,,,
832,-0.56%,145,-0.48%,397,-3.01%,565,369,,,
945,0.54%,825,-2.53%,126,-20.70%,157,369,,,
579,0.31%,701,-1.34%,256,-20.86%,153,370,,,
245,-0.02%,426,0.16%,488,-18.09%,197,370,,,
320,-0.92%,96,0.69%,590,-8.77%,425,370,,,
120,-0.02%,431,-2.74%,107,-2.88%,574,371,,,
484,-0.48%,171,-3.65%,64,31.87%,877,371,,,
547,0.03%,479,-1.80%,187,-7.85%,447,371,,,
28,-0.19%,284,-1.09%,301,-4.58%,531,372,,,
919,-0.54%,154,1.27%,660,-12.93%,304,373,,,
85,-2.06%,27,8.13%,946,-21.25%,146,373,,,
400,0.21%,630,-1.09%,305,-18.72%,184,373,,,
434,0.34%,720,-0.83%,339,-26.91%,61,373,,,
559,0.36%,728,-1.33%,260,-22.22%,133,374,,,
428,0.10%,550,-0.26%,430,-21.56%,141,374,,,
411,1.30%,961,-2.51%,127,-29.21%,35,374,,,
911,-0.13%,324,-1.46%,236,-3.17%,563,374,,,
689,-0.36%,198,-3.79%,58,29.15%,867,374,,,
936,-0.07%,385,0.18%,491,-15.83%,248,375,,,
268,-0.54%,152,-2.19%,154,19.76%,819,375,,,
977,0.23%,643,-1.70%,200,-14.14%,284,376,,,
362,-0.06%,399,-2.76%,105,0.23%,624,376,,,
65,-1.10%,76,7.21%,938,-23.19%,116,377,,,
50,0.01%,463,0.63%,576,-25.47%,94,378,,,
968,0.15%,576,-0.51%,388,-19.74%,169,378,,,
108,-0.72%,120,6.20%,922,-25.43%,95,379,,,
57,0.50%,807,-1.35%,254,-26.15%,77,379,,,
828,0.31%,700,-2.23%,151,-13.91%,287,379,,,
333,-0.24%,256,0.71%,594,-13.88%,289,380,,,
688,-0.30%,214,-3.62%,66,27.89%,860,380,,,
139,-2.89%,15,-1.71%,196,48.40%,929,380,,,
886,-0.37%,194,-2.28%,145,17.12%,803,381,,,
558,0.09%,545,0.00%,467,-22.27%,131,381,,,
533,0.02%,474,-1.75%,192,-6.75%,478,381,,,
659,-0.89%,99,-1.39%,249,15.84%,796,381,,,
938,0.18%,605,-0.75%,355,-18.56%,186,382,,,
835,-0.24%,254,-0.98%,319,-2.85%,576,383,,,
728,-0.11%,347,-3.32%,76,7.75%,726,383,,,
196,0.21%,635,-1.77%,190,-12.28%,326,384,,,
940,0.21%,634,-1.67%,205,-12.49%,315,385,,,
745,-0.06%,403,-1.01%,315,-8.21%,436,385,,,
276,-0.42%,181,0.20%,494,-6.71%,479,385,,,
957,0.04%,486,0.26%,502,-19.83%,167,385,,,
673,-0.24%,255,-4.06%,52,26.39%,849,385,,,
459,-0.52%,156,-2.65%,115,33.16%,886,386,,,
503,-2.99%,12,-1.78%,188,72.48%,959,386,,,
954,-0.04%,412,0.61%,571,-19.07%,177,387,,,
969,-0.39%,191,2.46%,770,-18.04%,199,387,,,
319,0.10%,553,-0.81%,342,-14.89%,266,387,,,
714,0.06%,510,-2.60%,119,-4.52%,534,388,,,
774,0.15%,577,-1.32%,264,-12.30%,325,389,,,
907,-0.20%,277,-1.68%,204,4.66%,685,389,,,
112,1.19%,953,-3.70%,62,-20.89%,152,389,,,
189,-0.11%,348,-7.08%,16,17.65%,805,390,,,
571,-0.17%,298,1.01%,631,-16.11%,241,390,,,
914,0.06%,511,-2.68%,112,-3.72%,549,391,,,
600,-0.16%,304,3.38%,835,-29.26%,34,391,,,
229,0.18%,601,0.09%,477,-25.36%,96,391,,,
409,0.40%,753,-0.45%,400,-30.13%,22,392,,,
765,0.03%,477,-1.29%,269,-8.69%,429,392,,,
830,0.12%,563,-2.88%,100,-5.47%,512,392,,,
343,0.00%,444,-3.00%,94,1.42%,638,392,,,
476,0.00%,443,1.59%,699,-29.20%,36,393,,,
89,0.44%,779,-2.64%,116,-14.23%,283,393,,,
535,-0.15%,319,-1.41%,244,-0.39%,615,393,,,
68,0.85%,919,-1.55%,223,-29.16%,37,393,,,
231,-0.04%,413,1.38%,669,-25.30%,97,393,,,
576,0.54%,826,-1.51%,231,-23.10%,122,393,,,
829,-0.07%,384,-0.37%,414,-10.52%,381,393,,,
356,-0.26%,242,-2.40%,136,17.02%,802,393,,,
580,0.81%,907,-2.62%,118,-20.77%,156,394,,,
574,0.04%,489,0.62%,574,-23.12%,120,394,,,
207,-0.58%,140,0.13%,486,-3.40%,557,394,,,
642,-0.15%,313,-5.79%,26,25.07%,844,394,,,
915,-0.29%,222,-0.93%,326,1.35%,637,395,,,
950,-0.06%,404,-0.67%,363,-8.91%,421,396,,,
692,-0.25%,249,-1.55%,222,7.10%,719,397,,,
277,-0.12%,338,1.82%,720,-22.18%,134,397,,,
201,0.45%,782,-3.72%,61,-11.39%,349,397,,,
271,-1.13%,71,0.06%,473,2.28%,649,398,,,
462,-2.06%,25,-1.58%,216,64.63%,952,398,,,
383,-0.51%,160,9.26%,960,-26.40%,75,398,,,
693,-0.28%,227,-1.74%,193,12.21%,778,399,,,
218,0.87%,924,-5.45%,31,-15.96%,244,400,,,
853,-0.11%,349,0.29%,510,-11.66%,341,400,,,
846,0.34%,721,-2.48%,129,-11.36%,350,400,,,
40,-0.02%,429,0.49%,551,-17.39%,221,400,,,
334,0.30%,698,-8.16%,13,-6.48%,490,400,,,
130,-1.73%,36,-1.10%,298,29.67%,871,402,,,
240,0.22%,638,-0.39%,409,-20.58%,159,402,,,
43,0.39%,749,-0.94%,324,-22.03%,135,403,,,
47,0.08%,534,0.42%,539,-21.73%,140,404,,,
414,-0.94%,93,3.75%,856,-15.04%,264,404,,,
66,0.65%,863,-1.44%,240,-23.58%,112,405,,,
967,0.19%,615,-0.09%,448,-20.86%,154,406,,,
185,-1.73%,37,-1.06%,308,30.83%,874,406,,,
470,-0.27%,233,-2.14%,159,20.95%,828,407,,,
637,0.29%,688,-2.42%,135,-9.80%,398,407,,,
211,-0.06%,397,0.32%,518,-12.72%,307,407,,,
337,-0.36%,199,-1.11%,296,8.19%,729,408,,,
199,-0.50%,166,2.23%,750,-12.69%,309,408,,,
311,-0.90%,97,-1.01%,316,18.84%,815,409,,,
986,0.06%,515,-0.56%,382,-12.14%,332,410,,,
624,0.06%,516,0.25%,501,-17.62%,214,410,,,
413,-0.64%,132,4.76%,888,-17.63%,213,411,,,
771,0.31%,703,-1.59%,214,-12.43%,318,412,,,
573,0.72%,891,-1.58%,217,-22.51%,129,412,,,
242,-0.06%,400,1.96%,731,-24.56%,107,413,,,
101,0.52%,817,-0.34%,420,-33.75%,4,414,,,
982,0.18%,597,-2.33%,142,-5.75%,503,414,,,
802,-1.34%,59,-1.09%,302,32.10%,881,414,,,
730,-0.07%,390,-1.96%,177,4.28%,677,415,,,
264,-0.25%,246,-1.68%,203,15.80%,795,415,,,
860,0.23%,650,-0.60%,378,-17.46%,217,415,,,
371,-0.36%,201,-1.92%,181,28.64%,863,415,,,
46,-0.52%,157,6.92%,933,-20.65%,158,416,,,
877,0.01%,452,-0.28%,426,-10.86%,370,416,,,
643,-1.56%,47,-1.02%,312,34.25%,893,417,,,
377,0.08%,540,0.00%,466,-15.89%,247,418,,,
806,0.01%,460,-9.41%,8,13.84%,786,418,,,
302,-0.31%,212,-2.35%,141,35.87%,901,418,,,
812,-0.16%,310,0.38%,529,-9.09%,417,419,,,
425,0.38%,740,0.27%,506,-31.73%,11,419,,,
324,-0.12%,340,-1.87%,183,8.47%,734,419,,,
56,0.31%,702,0.17%,490,-26.70%,66,419,,,
706,0.17%,594,-1.30%,267,-9.87%,397,419,,,
632,-0.19%,286,-1.10%,297,4.20%,676,420,,,
506,-0.28%,224,-2.56%,122,41.70%,913,420,,,
532,0.25%,662,-1.94%,180,-8.92%,419,420,,,
711,0.02%,472,-1.72%,195,-1.48%,595,421,,,
64,-0.09%,364,2.94%,810,-25.60%,90,421,,,
825,-0.01%,432,0.41%,536,-13.46%,296,421,,,
206,0.49%,800,-2.32%,143,-12.40%,321,421,,,
48,0.03%,484,1.59%,700,-25.94%,81,422,,,
975,0.23%,644,-0.40%,408,-17.55%,215,422,,,
842,-0.15%,314,0.56%,563,-10.12%,391,423,,,
779,0.06%,508,-0.41%,406,-11.28%,355,423,,,
823,0.41%,756,-1.33%,262,-15.60%,253,424,,,
210,-0.06%,395,0.55%,560,-12.47%,316,424,,,
360,0.01%,455,1.15%,647,-19.61%,172,425,,,
557,0.03%,482,0.83%,609,-18.79%,183,425,,,
389,0.24%,654,0.53%,557,-26.71%,65,425,,,
631,-1.72%,39,0.67%,584,2.59%,653,425,,,
754,-0.37%,197,-0.53%,387,5.15%,693,426,,,
466,-0.54%,153,-1.68%,202,45.39%,924,426,,,
541,-0.27%,235,0.07%,475,-2.91%,571,427,,,
800,0.12%,560,-4.47%,42,4.44%,679,427,,,
934,0.22%,641,-0.09%,449,-18.25%,193,428,,,
928,-0.10%,352,0.68%,587,-11.60%,345,428,,,
763,-0.08%,380,0.40%,535,-10.82%,373,429,,,
843,-0.56%,149,1.57%,694,-7.87%,445,429,,,
797,-0.37%,196,-0.25%,431,3.27%,661,429,,,
924,-0.16%,312,0.85%,614,-11.12%,364,430,,,
257,-0.09%,362,-3.18%,87,24.54%,841,430,,,
873,-0.02%,425,1.02%,632,-16.48%,234,430,,,
874,0.29%,687,-0.38%,411,-18.22%,194,431,,,
959,0.28%,675,-0.54%,386,-16.55%,233,431,,,
925,0.07%,527,-0.68%,362,-9.48%,405,431,,,
450,0.31%,704,-3.04%,92,-6.01%,499,432,,,
482,-0.03%,419,-3.44%,69,18.41%,809,432,,,
34,-0.77%,109,-0.46%,399,14.28%,790,433,,,
234,-0.23%,260,4.35%,874,-19.86%,166,433,,,
603,0.19%,617,1.33%,667,-30.67%,17,434,,,
962,-0.89%,98,1.54%,692,-5.49%,511,434,,,
410,0.15%,579,1.67%,708,-30.90%,16,434,,,
712,0.05%,502,-2.05%,166,1.32%,636,435,,,
456,0.05%,505,-4.28%,47,9.70%,754,435,,,
327,0.13%,568,-0.15%,441,-13.32%,298,436,,,
880,-0.04%,411,0.29%,512,-10.36%,384,436,,,
708,0.45%,788,-2.15%,157,-11.13%,363,436,,,
878,-0.01%,440,0.40%,533,-11.73%,339,437,,,
562,-0.28%,228,3.19%,825,-15.29%,261,438,,,
724,0.33%,714,-1.57%,218,-10.52%,382,438,,,
961,-0.01%,436,-1.27%,273,-0.88%,606,438,,,
521,0.14%,572,-1.07%,307,-8.18%,437,439,,,
792,0.37%,734,-2.46%,131,-7.68%,452,439,,,
635,-0.05%,406,-0.32%,423,-6.38%,493,441,,,
438,1.03%,945,-1.53%,227,-20.90%,151,441,,,
882,0.30%,696,-1.39%,248,-10.58%,380,441,,,
814,-0.03%,420,-0.10%,447,-7.29%,457,441,,,
875,-0.01%,435,0.48%,548,-11.61%,343,442,,,
258,0.00%,449,0.80%,605,-14.54%,273,442,,,
640,-0.06%,394,-2.03%,168,11.17%,767,443,,,
963,0.12%,559,-0.83%,340,-8.50%,431,443,,,
220,-0.09%,365,-0.70%,359,-0.78%,609,444,,,
569,0.28%,676,-0.08%,452,-17.85%,207,445,,,
420,0.06%,507,2.37%,760,-26.57%,69,445,,,
778,-0.26%,240,2.38%,761,-12.00%,335,445,,,
551,0.33%,713,-2.01%,171,-7.61%,453,446,,,
834,-0.10%,355,-0.18%,439,-4.09%,544,446,,,
721,0.09%,547,-1.41%,245,-3.75%,547,446,,,
638,-0.77%,110,1.03%,636,-1.54%,593,446,,,
876,0.07%,521,0.28%,508,-12.61%,312,447,,,
71,0.02%,470,2.34%,755,-23.15%,118,448,,,
619,0.67%,872,-0.08%,453,-30.47%,19,448,,,
111,1.37%,964,-1.95%,179,-18.02%,202,448,,,
33,-1.19%,67,0.70%,591,4.83%,687,448,,,
224,0.30%,697,-2.30%,144,-5.61%,507,449,,,
230,0.52%,814,0.08%,476,-27.04%,59,450,,,
443,-0.18%,294,0.87%,617,-8.17%,438,450,,,
347,-0.60%,137,1.70%,711,-5.90%,502,450,,,
620,0.73%,894,-0.45%,401,-27.13%,56,450,,,
200,0.27%,669,-0.96%,322,-11.15%,362,451,,,
404,0.21%,632,1.44%,678,-27.96%,46,452,,,
904,0.00%,447,-1.98%,173,8.65%,736,452,,,
397,0.22%,637,1.39%,670,-27.49%,52,453,,,
746,0.14%,573,-0.96%,321,-7.14%,465,453,,,
72,1.80%,980,-1.25%,278,-24.94%,105,454,,,
93,-0.97%,88,22.17%,998,-14.38%,277,454,,,
883,0.16%,588,-0.28%,427,-11.43%,348,454,,,
221,-0.19%,291,-0.38%,412,3.32%,662,455,,,
566,0.07%,522,0.25%,500,-11.60%,344,455,,,
233,-0.20%,279,4.46%,879,-17.67%,210,456,,,
49,0.12%,567,2.13%,747,-27.13%,57,457,,,
978,0.18%,609,0.41%,537,-17.15%,225,457,,,
887,-0.01%,433,-2.91%,99,24.02%,840,457,,,
980,-0.41%,185,0.64%,577,-0.56%,611,458,,,
314,-0.12%,342,0.31%,517,-5.31%,517,459,,,
69,0.02%,468,4.91%,894,-31.14%,15,459,,,
725,0.12%,557,-1.09%,306,-5.34%,515,459,,,
702,0.10%,549,-1.32%,263,-3.00%,567,460,,,
322,-0.69%,125,3.44%,840,-9.13%,415,460,,,
301,0.05%,495,-3.31%,79,17.67%,806,460,,,
60,0.45%,784,0.12%,484,-23.34%,114,461,,,
444,-0.10%,358,0.24%,498,-4.70%,528,461,,,
717,0.16%,587,-1.36%,252,-3.89%,546,462,,,
790,-0.51%,165,0.33%,520,5.73%,700,462,,,
379,0.09%,546,1.43%,677,-20.15%,165,463,,,
870,-0.02%,430,1.13%,644,-12.49%,314,463,,,
601,0.69%,880,0.17%,489,-30.40%,21,463,,,
869,-0.06%,393,1.35%,668,-12.19%,330,464,,,
633,-0.83%,102,2.43%,766,-5.08%,523,464,,,
227,-0.20%,281,0.55%,562,-3.74%,548,464,,,
981,-0.28%,225,0.53%,556,-0.69%,610,464,,,
51,0.74%,895,-0.36%,415,-25.87%,83,464,,,
250,0.24%,657,0.38%,527,-17.68%,209,464,,,
529,0.47%,794,-1.41%,246,-11.31%,353,464,,,
195,0.42%,768,-0.89%,332,-13.62%,294,465,,,
417,0.20%,624,1.47%,683,-25.72%,88,465,,,
854,-0.07%,386,1.19%,652,-11.24%,357,465,,,
330,-1.19%,66,3.39%,837,-6.39%,492,465,,,
341,0.20%,628,-2.02%,169,-1.38%,598,465,,,
353,-0.26%,243,-0.64%,369,14.08%,789,467,,,
376,0.30%,692,-1.98%,174,-4.35%,538,468,,,
273,-1.27%,63,1.69%,710,1.01%,633,469,,,
683,-0.35%,203,-1.59%,215,191.48%,990,469,,,
848,0.25%,664,-0.86%,338,-9.30%,411,471,,,
661,-0.27%,232,-0.51%,389,15.21%,793,471,,,
572,0.15%,580,0.83%,607,-16.84%,228,472,,,
42,0.22%,640,0.50%,553,-17.21%,223,472,,,
433,-0.13%,331,0.00%,465,0.11%,622,473,,,
798,-0.03%,415,-1.55%,224,12.23%,779,473,,,
45,0.74%,897,-0.62%,372,-20.92%,150,473,,,
998,0.07%,518,-12.13%,4,35.03%,897,473,,,
615,0.36%,732,0.89%,618,-26.51%,71,474,,,
287,0.52%,816,-2.15%,155,-7.73%,450,474,,,
102,0.56%,833,0.60%,569,-30.45%,20,474,,,
987,0.54%,824,-1.29%,270,-12.24%,328,474,,,
405,-0.29%,220,3.42%,838,-11.02%,365,474,,,
988,-0.23%,264,3.27%,830,-12.19%,331,475,,,
917,0.00%,450,0.27%,505,-7.00%,470,475,,,
5,-0.28%,226,-0.18%,438,10.56%,761,475,,,
933,0.49%,801,-0.28%,428,-18.03%,200,476,,,
528,0.05%,494,0.60%,566,-10.87%,369,476,,,
735,0.38%,744,-1.34%,259,-8.76%,426,476,,,
909,-0.27%,237,1.52%,688,-5.68%,504,476,,,
427,0.08%,536,3.70%,853,-27.84%,47,479,,,
836,-0.93%,95,2.62%,779,-3.23%,562,479,,,
650,-2.06%,26,0.09%,479,49.02%,931,479,,,
999,-0.48%,170,-1.00%,318,63.84%,951,480,,,
668,-1.38%,56,0.00%,462,44.51%,922,480,,,
770,0.17%,590,0.21%,495,-11.26%,356,480,,,
910,0.63%,855,-2.92%,98,-6.50%,488,480,,,
18,-0.46%,176,1.60%,702,-3.06%,564,481,,,
916,-0.10%,354,0.35%,523,-2.96%,568,482,,,
87,0.76%,898,-0.19%,437,-23.65%,111,482,,,
76,0.54%,822,0.36%,525,-25.24%,100,482,,,
212,-0.07%,392,2.40%,764,-13.62%,293,483,,,
758,0.34%,718,-1.29%,268,-7.26%,463,483,,,
710,0.05%,503,-1.47%,235,6.84%,712,483,,,
707,0.56%,837,-1.53%,226,-10.19%,389,484,,,
761,0.08%,535,-0.61%,376,-4.09%,543,485,,,
685,-3.36%,8,0.00%,461,172.22%,986,485,,,
155,-4.88%,3,0.00%,460,279.22%,998,487,,,
941,-0.22%,266,3.45%,842,-11.29%,354,487,,,
634,-0.30%,215,1.25%,657,-1.43%,597,490,,,
570,-0.10%,357,4.74%,887,-17.13%,226,490,,,
781,0.05%,504,0.10%,482,-6.60%,484,490,,,
939,-0.26%,238,4.74%,886,-11.51%,347,490,,,
517,-0.61%,136,0.49%,552,13.23%,783,490,,,
216,0.25%,660,0.74%,601,-17.65%,212,491,,,
281,-0.94%,94,8.37%,951,-8.75%,428,491,,,
525,-0.08%,377,0.66%,583,-5.34%,514,491,,,
174,0.04%,487,-1.15%,291,5.41%,698,492,,,
658,-0.25%,245,0.06%,474,10.00%,757,492,,,
305,-0.40%,187,-0.56%,383,37.89%,906,492,,,
435,0.68%,874,0.38%,528,-26.01%,80,494,,,
840,0.15%,578,1.10%,639,-14.68%,270,496,,,
219,0.19%,612,-0.33%,421,-7.47%,455,496,,,
618,0.18%,608,3.48%,843,-28.98%,38,496,,,
655,0.07%,525,-2.42%,134,22.32%,835,498,,,
59,0.02%,473,5.27%,908,-23.28%,115,499,,,
931,0.28%,678,0.90%,621,-18.07%,198,499,,,
704,0.18%,607,-1.16%,289,-1.16%,601,499,,,
527,0.38%,739,-0.34%,418,-11.65%,342,500,,,
407,0.42%,764,1.94%,729,-31.55%,12,502,,,
446,1.02%,942,-1.44%,239,-12.32%,324,502,,,
585,0.65%,867,-6.65%,18,-0.07%,620,502,,,
827,0.12%,558,1.92%,724,-17.18%,224,502,,,
304,-0.84%,101,0.90%,620,13.73%,785,502,,,
581,0.46%,790,0.13%,485,-16.68%,232,502,,,
839,-0.17%,297,1.41%,675,-4.42%,536,503,,,
382,0.32%,706,1.93%,727,-26.27%,76,503,,,
419,0.18%,596,3.20%,826,-25.71%,89,504,,,
942,-0.19%,289,4.91%,895,-12.24%,327,504,,,
429,0.81%,910,0.19%,493,-24.40%,109,504,,,
97,1.01%,940,0.46%,546,-29.75%,27,504,,,
549,0.11%,556,-0.16%,440,-5.08%,522,506,,,
133,0.01%,456,-1.52%,229,22.02%,833,506,,,
703,0.01%,453,0.30%,514,-3.66%,552,506,,,
437,0.69%,878,0.36%,526,-23.18%,117,507,,,
773,0.27%,671,0.42%,540,-12.62%,311,507,,,
537,-0.37%,195,0.48%,547,12.28%,780,507,,,
315,0.42%,767,-0.08%,451,-12.89%,305,508,,,
865,0.47%,793,-2.93%,96,1.17%,634,508,,,
471,-1.04%,82,0.69%,589,26.42%,852,508,,,
513,-3.07%,10,0.48%,549,87.31%,965,508,,,
387,0.23%,645,3.75%,855,-29.81%,25,508,,,
63,0.61%,850,0.49%,550,-22.67%,126,509,,,
192,-0.25%,247,2.71%,792,-6.51%,487,509,,,
436,0.16%,583,3.59%,849,-25.21%,101,511,,,
412,0.45%,787,1.43%,676,-26.44%,74,512,,,
7,-0.76%,112,2.65%,785,1.77%,641,513,,,
895,-0.58%,143,1.71%,713,4.59%,683,513,,,
22,-2.51%,17,3.36%,833,4.84%,689,513,,,
926,0.44%,781,-0.78%,351,-9.39%,408,513,,,
594,0.07%,519,6.76%,931,-25.57%,91,514,,,
749,-0.15%,316,2.35%,757,-7.05%,468,514,,,
44,0.33%,715,1.46%,681,-21.14%,147,514,,,
544,0.42%,766,-1.23%,281,-6.26%,496,514,,,
477,0.82%,912,-11.23%,5,0.35%,627,515,,,
610,0.71%,883,1.19%,653,-31.87%,9,515,,,
288,0.45%,786,-2.37%,138,0.10%,621,515,,,
467,-1.73%,38,0.65%,581,46.76%,927,515,,,
837,0.49%,806,-2.39%,137,-0.96%,604,516,,,
811,0.00%,445,1.60%,701,-9.59%,402,516,,,
492,0.02%,467,2.56%,774,-12.71%,308,516,,,
783,0.04%,490,0.67%,586,-6.83%,475,517,,,
760,0.09%,543,0.29%,513,-6.30%,495,517,,,
736,0.10%,552,0.85%,612,-10.21%,388,517,,,
448,0.97%,935,-2.80%,104,-5.44%,513,517,,,
339,-0.08%,381,0.39%,531,2.02%,643,518,,,
197,-0.07%,389,3.23%,827,-11.70%,340,519,,,
782,0.18%,604,0.10%,481,-6.94%,473,519,,,
213,0.41%,759,0.40%,534,-14.87%,267,520,,,
817,-0.30%,216,5.04%,899,-7.86%,446,520,,,
565,-0.83%,104,4.60%,881,-2.60%,580,522,,,
274,-1.19%,65,1.02%,633,29.21%,870,523,,,
255,0.34%,719,-0.07%,455,-10.00%,395,523,,,
776,-0.11%,346,2.06%,738,-6.57%,485,523,,,
282,0.02%,469,-1.40%,247,26.43%,853,523,,,
391,0.25%,663,2.12%,746,-20.48%,162,524,,,
759,-0.06%,398,1.49%,684,-6.50%,489,524,,,
669,-1.45%,54,0.55%,561,67.63%,956,524,,,
813,-0.11%,344,1.85%,722,-5.63%,506,524,,,
293,-0.83%,103,1.18%,651,19.70%,818,524,,,
348,0.03%,481,-0.63%,370,7.29%,722,524,,,
184,0.41%,761,-8.46%,12,16.84%,800,524,,,
105,0.68%,875,0.72%,597,-25.16%,102,525,,,
191,0.29%,691,-1.77%,189,5.16%,694,525,,,
11,0.37%,733,-0.61%,375,-7.08%,467,525,,,
121,0.99%,937,-3.20%,85,-3.65%,553,525,,,
985,0.28%,677,0.72%,596,-12.77%,306,526,,,
335,0.18%,600,-0.76%,354,0.33%,626,527,,,
649,-0.24%,251,0.00%,463,28.87%,866,527,,,
550,0.42%,765,-0.55%,384,-8.26%,433,527,,,
464,-0.27%,234,-0.49%,391,67.66%,957,527,,,
847,-0.24%,253,3.95%,863,-6.98%,471,529,,,
844,0.45%,783,-0.87%,336,-7.01%,469,529,,,
54,0.34%,717,3.02%,817,-27.39%,55,530,,,
958,0.40%,755,0.93%,626,-17.77%,208,530,,,
871,0.12%,561,1.27%,661,-10.87%,368,530,,,
469,-0.31%,211,1.11%,642,8.79%,739,531,,,
805,0.44%,780,-4.46%,43,11.50%,771,531,,,
900,0.19%,623,-0.44%,402,-2.93%,570,532,,,
338,-0.21%,275,0.34%,522,16.61%,798,532,,,
660,-0.97%,89,1.47%,682,20.90%,827,533,,,
606,0.80%,903,-0.07%,458,-16.22%,238,533,,,
970,0.37%,736,0.70%,592,-14.63%,271,533,,,
402,-0.10%,353,7.77%,943,-12.94%,303,533,,,
807,-1.10%,75,0.81%,606,43.38%,918,533,,,
845,0.08%,530,1.83%,721,-11.33%,351,534,,,
280,0.05%,500,1.70%,712,-10.16%,390,534,,,
35,-3.08%,9,3.04%,818,11.59%,775,534,,,
17,0.65%,865,-2.24%,150,-1.93%,588,534,,,
318,0.36%,729,1.51%,686,-18.36%,192,536,,,
261,0.24%,658,0.51%,555,-9.90%,396,536,,,
793,0.47%,795,-1.34%,258,-3.40%,558,537,,,
494,0.62%,854,-9.44%,7,9.52%,752,538,,,
321,0.55%,827,-1.63%,209,-2.71%,578,538,,,
629,0.58%,841,-0.12%,446,-12.22%,329,539,,,
794,0.59%,845,-2.56%,123,2.42%,651,540,,,
363,0.03%,483,-0.50%,390,9.06%,746,540,,,
726,-0.39%,190,2.65%,783,2.15%,647,540,,,
396,0.65%,864,1.64%,705,-27.48%,53,541,,,
548,0.05%,497,1.79%,718,-9.30%,410,542,,,
286,-0.05%,405,1.73%,715,-5.67%,505,542,,,
92,2.43%,988,-0.35%,416,-16.71%,230,545,,,
906,-1.48%,51,3.85%,859,7.51%,724,545,,,
122,-1.34%,58,5.22%,906,3.93%,671,545,,,
626,0.45%,785,-0.06%,459,-10.10%,392,545,,,
27,-0.75%,114,8.37%,952,-2.89%,573,546,,,
526,-0.24%,250,6.68%,930,-7.26%,462,547,,,
976,1.39%,965,-0.98%,320,-11.24%,358,548,,,
908,-0.23%,262,3.81%,858,-4.97%,525,548,,,
599,0.48%,797,2.79%,799,-27.58%,50,549,,,
723,0.20%,627,1.67%,707,-12.51%,313,549,,,
447,0.05%,499,2.47%,771,-10.70%,377,549,,,
868,0.35%,724,0.38%,530,-10.06%,393,549,,,
762,-0.10%,356,3.54%,847,-7.90%,444,549,,,
3,0.11%,555,-0.78%,348,8.93%,744,549,,,
994,0.00%,446,0.61%,572,0.77%,630,549,,,
697,-0.16%,311,0.65%,582,9.86%,755,549,,,
332,0.28%,679,1.93%,728,-16.02%,242,550,,,
772,0.37%,738,0.84%,611,-13.08%,301,550,,,
949,0.12%,565,0.80%,604,-6.65%,481,550,,,
342,0.38%,742,-0.66%,366,-4.12%,542,550,,,
422,0.43%,772,2.96%,812,-26.65%,68,551,,,
953,0.30%,693,1.95%,730,-16.68%,231,551,,,
100,0.77%,900,2.22%,749,-33.59%,6,552,,,
863,0.29%,683,0.64%,578,-10.02%,394,552,,,
369,0.38%,743,-1.62%,210,6.29%,704,552,,,
560,0.38%,741,2.32%,753,-20.43%,164,553,,,
131,-0.79%,108,1.03%,634,42.04%,916,553,,,
575,0.16%,584,4.84%,890,-18.56%,187,554,,,
722,0.29%,689,0.21%,497,-6.82%,476,554,,,
209,0.39%,752,-0.32%,425,-6.56%,486,554,,,
764,0.18%,602,0.91%,622,-8.08%,440,555,,,
889,-0.56%,148,1.44%,679,22.43%,837,555,,,
279,0.33%,716,1.18%,650,-13.19%,300,555,,,
663,0.23%,647,-0.79%,347,3.94%,672,555,,,
366,0.51%,810,-2.71%,109,9.12%,748,556,,,
690,-0.48%,172,0.65%,580,41.95%,915,556,,,
392,0.30%,694,5.69%,917,-27.08%,58,556,,,
454,0.56%,830,-2.06%,165,4.13%,675,557,,,
440,-0.04%,410,3.07%,819,-7.99%,442,557,,,
25,-1.13%,72,8.56%,953,2.13%,646,557,,,
522,0.08%,533,1.45%,680,-7.29%,459,557,,,
694,0.14%,574,-0.90%,331,11.35%,768,558,,,
325,0.35%,722,1.53%,691,-14.95%,265,559,,,
920,0.67%,871,-0.88%,335,-6.86%,474,560,,,
701,0.53%,819,-1.42%,243,-0.22%,618,560,,,
457,1.34%,962,0.61%,573,-21.14%,148,561,,,
208,-0.22%,267,2.31%,751,3.66%,668,562,,,
329,-0.13%,326,3.65%,851,-5.53%,510,562,,,
244,-0.20%,276,0.90%,619,15.43%,794,563,,,
905,0.23%,652,-1.25%,280,10.07%,759,564,,,
236,0.40%,754,2.82%,802,-21.85%,139,565,,,
768,0.44%,778,0.44%,543,-10.74%,375,565,,,
340,0.16%,582,-0.07%,457,2.98%,658,566,,,
113,2.07%,984,-0.34%,419,-13.35%,297,567,,,
890,-0.31%,210,0.76%,602,33.72%,890,567,,,
912,0.08%,532,0.35%,524,2.18%,648,568,,,
639,0.38%,746,-1.19%,285,4.04%,674,568,,,
604,0.59%,844,3.34%,832,-29.61%,30,569,,,
262,0.67%,873,-1.25%,279,-3.62%,554,569,,,
21,0.63%,859,-1.19%,284,-3.00%,566,570,,,
275,0.28%,674,-0.94%,323,6.92%,713,570,,,
520,-0.06%,401,3.92%,861,-7.83%,449,570,,,
956,0.26%,665,3.45%,841,-17.85%,206,571,,,
784,0.18%,599,0.67%,585,-4.53%,532,572,,,
176,0.24%,655,-0.21%,436,0.30%,625,572,,,
897,-0.15%,318,2.67%,786,-0.40%,614,573,,,
932,0.17%,589,4.70%,885,-15.96%,245,573,,,
81,1.64%,978,1.74%,716,-29.78%,26,573,,,
630,0.17%,592,1.29%,663,-7.10%,466,574,,,
432,0.56%,832,2.69%,788,-24.98%,103,574,,,
117,0.72%,887,1.72%,714,-23.04%,124,575,,,
947,0.06%,512,6.59%,928,-14.03%,286,575,,,
300,0.84%,916,-2.92%,97,7.02%,717,577,,,
534,0.57%,838,-1.13%,292,-0.97%,603,578,,,
786,0.55%,829,-0.65%,367,-4.24%,540,579,,,
453,0.25%,659,-0.15%,443,1.17%,635,579,,,
24,-0.14%,322,2.99%,816,-1.26%,600,579,,,
188,0.64%,862,-3.69%,63,18.69%,814,580,,,
473,-2.16%,22,3.10%,822,34.99%,896,580,,,
445,0.73%,893,1.14%,646,-17.95%,203,581,,,
584,-0.32%,209,10.01%,969,-2.95%,569,582,,,
380,-0.23%,261,9.07%,959,-4.63%,529,583,,,
850,-0.19%,288,4.58%,880,-2.40%,581,583,,,
95,-0.72%,118,10.45%,976,3.06%,659,584,,,
431,0.58%,840,2.86%,805,-23.37%,113,586,,,
350,0.53%,818,-1.76%,191,9.44%,750,586,,,
816,0.12%,564,2.33%,754,-7.92%,443,587,,,
12,1.03%,943,-1.46%,238,-2.39%,582,588,,,
283,0.65%,869,0.55%,559,-11.84%,337,588,,,
270,0.33%,712,-1.35%,253,16.88%,801,589,,,
228,0.26%,666,6.38%,924,-19.01%,178,589,,,
583,0.80%,905,-1.47%,234,0.58%,629,589,,,
898,-0.09%,367,1.78%,717,4.61%,684,589,,,
146,-0.56%,147,1.16%,648,118.69%,974,590,,,
859,0.05%,506,8.15%,948,-12.46%,317,590,,,
636,0.51%,811,0.33%,521,-8.12%,439,590,,,
486,0.65%,866,1.81%,719,-18.47%,189,591,,,
426,0.56%,831,4.96%,896,-27.76%,48,592,,,
964,0.16%,585,7.17%,935,-15.39%,259,593,,,
902,0.54%,823,-0.48%,396,-3.34%,561,593,,,
254,-0.49%,167,2.43%,767,26.07%,847,594,,,
929,0.59%,843,0.42%,538,-9.69%,401,594,,,
995,1.49%,971,-2.57%,120,5.08%,691,594,,,
737,-0.16%,309,4.64%,883,-1.65%,592,595,,,
695,0.85%,918,-2.36%,140,7.88%,727,595,,,
78,0.77%,901,2.97%,813,-26.47%,72,595,,,
951,0.08%,541,8.64%,955,-13.67%,291,596,,,
821,0.21%,633,6.20%,921,-16.33%,236,597,,,
675,-0.25%,248,0.78%,603,55.85%,939,597,,,
567,1.01%,938,1.30%,664,-18.42%,191,598,,,
856,0.60%,848,1.92%,725,-17.43%,220,598,,,
37,0.55%,828,-0.42%,405,-3.38%,560,598,,,
731,0.81%,908,-1.20%,283,-1.01%,602,598,,,
378,0.48%,798,2.44%,768,-16.76%,229,598,,,
608,-0.08%,378,8.85%,957,-7.28%,460,598,,,
653,-1.77%,33,2.91%,807,67.28%,955,598,,,
55,0.78%,902,3.53%,846,-27.59%,49,599,,,
718,0.57%,839,0.42%,541,-8.97%,418,599,,,
563,0.23%,653,2.03%,735,-9.27%,413,600,,,
498,0.23%,646,-1.27%,272,32.50%,883,600,,,
785,0.18%,603,1.32%,665,-4.43%,535,601,,,
180,-0.23%,259,2.65%,784,10.52%,760,601,,,
98,0.95%,932,4.24%,871,-34.01%,3,602,,,
82,1.15%,951,2.39%,762,-25.55%,93,602,,,
246,0.53%,820,3.09%,820,-19.79%,168,603,,,
415,-0.17%,299,4.10%,866,2.07%,645,603,,,
202,-0.14%,320,9.93%,967,-5.02%,524,604,,,
41,0.83%,913,0.64%,579,-12.40%,320,604,,,
26,0.30%,699,0.72%,595,-5.13%,520,605,,,
855,0.32%,709,3.38%,836,-14.58%,272,606,,,
679,0.63%,856,-5.97%,23,55.51%,938,606,,,
381,0.81%,911,2.04%,736,-19.70%,171,606,,,
278,0.17%,595,5.09%,902,-12.36%,323,607,,,
733,0.08%,529,4.14%,867,-8.77%,424,607,,,
556,-0.13%,330,9.49%,963,-4.73%,527,607,,,
885,0.56%,836,-2.12%,160,20.74%,825,607,,,
129,0.41%,760,-1.62%,211,26.41%,851,607,,,
913,0.00%,451,4.29%,872,-5.99%,500,608,,,
501,-0.34%,204,1.32%,666,73.36%,960,610,,,
713,-0.03%,417,2.93%,809,-0.93%,605,610,,,
290,-1.85%,31,10.43%,974,20.82%,826,610,,,
103,0.63%,858,5.20%,905,-26.56%,70,611,,,
134,-0.44%,179,2.64%,782,29.70%,872,611,,,
357,-0.98%,85,6.00%,920,21.22%,830,612,,,
826,0.41%,762,2.73%,793,-14.32%,281,612,,,
109,0.61%,851,3.50%,844,-21.51%,142,612,,,
468,-0.96%,90,3.37%,834,41.85%,914,613,,,
674,-0.71%,121,2.75%,796,44.50%,921,613,,,
317,0.69%,879,1.41%,671,-13.66%,292,614,,,
328,0.48%,796,2.06%,739,-12.69%,310,615,,,
29,0.59%,846,0.27%,507,-6.33%,494,616,,,
972,0.37%,737,1.26%,658,-7.51%,454,616,,,
810,0.15%,581,1.11%,640,0.37%,628,616,,,
497,0.84%,917,-4.24%,48,32.91%,884,616,,,
123,-0.63%,134,11.77%,983,8.36%,733,617,,,
561,0.95%,933,1.97%,732,-18.44%,190,618,,,
755,0.02%,471,1.61%,703,4.50%,682,619,,,
729,0.52%,813,-0.80%,344,5.50%,699,619,,,
483,-0.29%,217,2.07%,740,35.74%,900,619,,,
937,0.39%,750,3.65%,850,-15.39%,258,619,,,
922,0.19%,619,0.83%,608,0.89%,632,620,,,
251,0.64%,861,2.85%,804,-18.21%,195,620,,,
809,-0.14%,321,4.84%,889,2.30%,650,620,,,
181,0.03%,478,0.74%,599,13.67%,784,620,,,
593,0.29%,686,18.68%,995,-18.81%,181,621,,,
989,0.39%,751,1.57%,697,-9.15%,414,621,,,
930,0.49%,803,0.93%,627,-8.29%,432,621,,,
538,-0.10%,350,2.16%,748,10.75%,764,621,,,
124,0.72%,888,-0.77%,352,0.23%,623,621,,,
241,0.38%,747,8.95%,958,-20.57%,160,622,,,
918,0.09%,548,5.75%,918,-9.72%,399,622,,,
767,0.07%,528,2.80%,800,-4.37%,537,622,,,
299,0.35%,725,-0.59%,379,10.62%,762,622,,,
681,0.68%,876,-6.23%,21,113.23%,973,623,,,
354,-0.51%,161,3.74%,854,27.14%,858,624,,,
578,0.19%,616,11.16%,980,-14.35%,278,625,,,
344,0.01%,454,2.42%,765,2.88%,657,625,,,
295,-0.16%,305,2.37%,758,20.47%,822,628,,,
292,0.93%,931,-1.71%,198,10.06%,758,629,,,
384,-0.53%,155,8.00%,944,14.07%,788,629,,,
182,0.29%,690,-0.13%,445,9.67%,753,629,,,
152,0.66%,870,-5.75%,28,195.92%,991,630,,,
788,-0.12%,336,2.77%,798,9.91%,756,630,,,
891,-0.01%,442,0.60%,568,32.48%,882,631,,,
1000,-0.54%,151,2.74%,795,61.95%,947,631,,,
747,0.23%,648,5.36%,909,-11.79%,338,632,,,
514,-0.08%,383,0.50%,554,73.93%,961,633,,,
623,1.60%,977,1.90%,723,-18.03%,201,634,,,
16,-0.15%,315,8.13%,947,1.44%,639,634,,,
489,-0.29%,221,2.50%,773,39.01%,908,634,,,
542,0.46%,792,0.00%,468,2.03%,644,635,,,
516,-0.58%,138,8.30%,949,19.59%,817,635,,,
903,-0.27%,229,14.04%,990,4.72%,686,635,,,
187,-0.49%,169,8.72%,956,12.59%,781,635,,,
345,0.19%,611,1.14%,645,2.44%,652,636,,,
540,0.11%,554,2.10%,744,-0.48%,612,637,,,
833,0.07%,526,1.17%,649,8.79%,740,638,,,
509,1.55%,974,-3.18%,86,26.70%,856,639,,,
496,-0.82%,105,5.48%,913,35.31%,898,639,,,
61,0.97%,934,3.90%,860,-23.05%,123,639,,,
803,-0.02%,427,0.60%,567,44.83%,923,639,,,
742,0.08%,538,1.24%,656,7.67%,725,640,,,
285,-0.33%,207,3.53%,845,29.19%,868,640,,,
901,0.80%,904,0.09%,478,-4.13%,541,641,,,
831,0.48%,799,0.63%,575,-3.69%,550,641,,,
899,0.29%,684,0.61%,570,4.33%,678,644,,,
74,1.03%,944,2.05%,737,-15.51%,254,645,,,
225,0.19%,613,2.63%,781,-4.03%,545,646,,,
744,0.22%,639,1.64%,704,-1.45%,596,646,,,
361,0.36%,731,0.74%,600,-0.78%,608,646,,,
589,-0.21%,268,9.44%,962,6.60%,709,646,,,
331,0.60%,847,-0.79%,345,9.48%,751,648,,,
536,0.12%,562,1.41%,673,6.65%,710,648,,,
167,-2.74%,16,7.30%,941,175.76%,988,648,,,
741,0.32%,711,0.26%,504,8.27%,731,649,,,
2,-0.13%,329,5.06%,900,7.19%,720,650,,,
190,-1.13%,73,19.64%,996,31.98%,880,650,,,
358,-0.22%,265,4.42%,876,18.49%,810,650,,,
153,-1.58%,45,5.45%,911,233.56%,995,650,,,
864,0.44%,776,2.08%,742,-8.25%,435,651,,,
664,0.61%,852,-1.13%,294,18.13%,808,651,,,
272,-0.27%,231,4.46%,878,25.96%,846,652,,,
738,0.49%,805,-0.09%,450,5.77%,701,652,,,
678,1.79%,979,-4.52%,41,53.06%,936,652,,,
801,-0.09%,374,2.31%,752,21.70%,832,653,,,
239,0.08%,539,2.03%,734,4.84%,688,654,,,
203,0.89%,929,-0.07%,454,-2.69%,579,654,,,
373,0.56%,835,0.16%,487,1.91%,642,655,,,
743,0.02%,475,2.67%,787,5.89%,702,655,,,
686,-1.67%,42,6.53%,926,249.45%,996,655,,,
126,0.83%,914,-0.24%,432,-0.08%,619,655,,,
259,0.74%,896,2.95%,811,-15.34%,260,656,,,
151,-5.22%,2,12.17%,984,168.13%,985,657,,,
555,-0.20%,280,10.18%,971,7.20%,721,657,,,
677,0.65%,868,-2.04%,167,54.31%,937,657,,,
654,-0.11%,345,1.51%,687,58.76%,942,658,,,
651,1.50%,973,-3.33%,75,48.10%,928,659,,,
198,0.52%,815,3.25%,828,-12.03%,334,659,,,
144,-1.15%,70,7.17%,936,110.66%,972,659,,,
531,-0.05%,407,5.39%,910,3.33%,663,660,,,
666,1.49%,972,-2.56%,124,33.10%,885,660,,,
451,0.90%,930,0.92%,624,-8.69%,430,661,,,
927,0.35%,723,4.87%,891,-10.83%,371,662,,,
478,0.03%,480,2.08%,741,10.90%,765,662,,,
84,1.22%,956,2.45%,769,-15.09%,263,663,,,
796,-0.07%,387,7.18%,937,3.55%,666,663,,,
789,0.07%,524,2.58%,776,4.88%,690,663,,,
518,-0.21%,271,10.59%,978,8.83%,741,663,,,
166,1.28%,960,-3.91%,55,124.64%,975,663,,,
539,-0.01%,438,4.03%,864,5.22%,695,666,,,
974,0.44%,774,4.09%,865,-11.23%,359,666,,,
194,0.18%,598,9.34%,961,-8.04%,441,667,,,
158,-2.98%,13,14.03%,989,323.49%,999,667,,,
154,4.27%,996,-8.62%,11,267.54%,997,668,,,
896,0.23%,649,0.85%,613,8.89%,743,668,,,
491,0.35%,726,-0.58%,380,35.39%,899,668,,,
888,0.70%,882,-1.09%,304,20.12%,821,669,,,
545,0.43%,771,3.17%,823,-9.13%,416,670,,,
499,1.59%,976,-2.70%,110,46.50%,926,671,,,
480,0.69%,877,-0.79%,346,14.73%,792,672,,,
173,0.17%,593,1.11%,641,14.06%,787,674,,,
441,0.28%,673,6.54%,927,-8.87%,422,674,,,
162,-1.68%,41,23.50%,999,162.11%,983,674,,,
777,0.20%,626,5.11%,903,-6.22%,497,675,,,
893,-0.04%,409,2.87%,806,18.50%,811,675,,,
351,0.29%,685,0.99%,628,6.98%,715,676,,,
645,2.35%,986,-1.50%,232,18.53%,812,677,,,
892,0.00%,448,1.92%,726,26.91%,857,677,,,
795,-0.13%,328,17.76%,994,6.95%,714,679,,,
993,0.08%,531,3.67%,852,2.76%,656,680,,,
493,1.43%,966,-1.10%,300,11.60%,776,681,,,
991,0.56%,834,1.05%,637,-2.90%,572,681,,,
495,0.44%,777,-0.60%,377,34.14%,892,682,,,
32,0.86%,923,-0.49%,394,8.29%,732,683,,,
505,-0.65%,131,12.93%,986,49.19%,932,683,,,
179,1.02%,941,-0.86%,337,11.51%,772,683,,,
307,0.89%,927,-0.67%,365,11.51%,774,689,,,
372,0.81%,909,2.97%,814,-11.59%,346,690,,,
349,0.72%,884,0.00%,470,6.99%,716,690,,,
116,0.51%,809,3.26%,829,-8.25%,434,691,,,
10,0.50%,808,2.60%,778,-6.45%,491,692,,,
346,0.28%,680,1.57%,696,6.14%,703,693,,,
36,1.05%,946,-1.09%,303,22.26%,834,694,,,
171,-0.68%,126,30.27%,1000,82.67%,963,696,,,
172,-0.21%,269,11.38%,981,25.03%,843,698,,,
511,-0.12%,334,3.10%,821,56.72%,940,698,,,
168,-0.75%,115,16.62%,993,175.50%,987,698,,,
923,0.49%,804,2.70%,791,-5.96%,501,699,,,
23,0.60%,849,0.60%,565,5.15%,692,702,,,
452,0.19%,620,5.01%,897,-1.68%,591,703,,,
587,0.03%,485,3.77%,857,10.93%,766,703,,,
705,0.43%,773,4.23%,870,-6.77%,477,707,,,
310,-0.40%,188,13.34%,987,65.34%,953,709,,,
1,0.44%,775,1.28%,662,5.23%,696,711,,,
984,0.32%,710,8.59%,954,-6.96%,472,712,,,
19,0.53%,821,2.37%,759,-3.41%,556,712,,,
508,-0.09%,368,3.56%,848,45.60%,925,714,,,
39,0.38%,745,4.14%,868,-4.52%,533,715,,,
757,0.30%,695,2.81%,801,3.11%,660,719,,,
303,1.58%,975,9.57%,966,-17.45%,219,720,,,
867,-0.16%,302,11.64%,982,31.95%,878,721,,,
127,0.86%,920,1.00%,630,-0.23%,617,722,,,
553,0.43%,770,1.58%,698,6.52%,708,725,,,
6,0.86%,921,0.70%,593,3.66%,667,727,,,
696,0.27%,672,2.84%,803,7.31%,723,733,,,
665,-0.08%,382,9.53%,965,27.73%,859,735,,,
472,0.26%,667,1.41%,674,28.86%,865,735,,,
14,1.23%,958,0.32%,519,8.21%,730,736,,,
175,0.06%,513,9.50%,964,8.79%,738,738,,,
204,0.26%,668,10.20%,972,-2.38%,583,741,,,
687,0.20%,625,1.26%,659,63.53%,950,745,,,
177,0.27%,670,5.02%,898,3.78%,669,746,,,
138,2.42%,987,-0.81%,343,40.96%,911,747,,,
752,0.42%,769,4.90%,892,-2.16%,585,749,,,
894,0.16%,586,6.30%,923,8.67%,737,749,,,
352,1.47%,969,0.53%,558,8.03%,728,752,,,
183,0.52%,812,1.50%,685,10.71%,763,753,,,
263,0.29%,682,3.43%,839,8.88%,742,754,,,
15,0.28%,681,6.84%,932,2.65%,654,756,,,
370,-0.01%,441,10.31%,973,26.66%,855,756,,,
740,0.04%,491,8.02%,945,22.34%,836,757,,,
140,3.31%,994,-0.91%,330,61.99%,948,757,,,
672,1.16%,952,0.24%,499,20.51%,823,758,,,
365,1.08%,947,1.52%,690,1.63%,640,759,,,
515,0.24%,656,2.74%,794,21.26%,831,760,,,
487,1.36%,963,0.30%,515,17.14%,804,761,,,
9,0.98%,936,2.39%,763,-2.34%,584,761,,,
698,0.63%,857,0.84%,610,19.49%,816,761,,,
313,0.18%,606,2.98%,815,28.04%,862,761,,,
222,0.36%,730,4.63%,882,3.98%,673,762,,,
657,0.05%,501,5.25%,907,31.96%,879,762,,,
791,0.09%,544,15.99%,991,11.43%,769,768,,,
475,0.01%,457,13.45%,988,27.90%,861,769,,,
671,0.81%,906,0.19%,492,40.99%,912,770,,,
161,0.62%,853,0.00%,469,232.85%,994,772,,,
145,2.64%,990,-0.68%,360,101.11%,969,773,,,
267,0.88%,925,1.57%,695,6.47%,706,775,,,
248,0.23%,651,1.99%,733,59.83%,944,776,,,
20,1.91%,982,2.92%,808,-3.68%,551,780,,,
355,0.07%,523,10.12%,970,26.44%,854,782,,,
205,0.41%,757,20.37%,997,-1.29%,599,784,,,
799,0.77%,899,1.41%,672,12.60%,782,784,,,
403,1.25%,959,1.69%,709,6.72%,711,793,,,
460,1.90%,981,0.03%,472,49.96%,934,796,,,
297,0.08%,537,10.59%,979,31.48%,875,797,,,
149,4.39%,997,-0.37%,413,164.34%,984,798,,,
479,1.94%,983,0.87%,616,15.98%,797,799,,,
700,0.58%,842,2.56%,775,14.51%,791,803,,,
996,0.45%,789,10.46%,977,2.69%,655,807,,,
291,0.49%,802,1.66%,706,42.90%,917,808,,,
364,0.72%,885,3.92%,862,6.30%,705,817,,,
485,0.32%,707,3.28%,831,43.58%,919,819,,,
644,0.21%,631,7.34%,942,33.67%,889,821,,,
676,0.19%,610,5.50%,914,61.85%,946,823,,,
156,5.49%,1000,0.00%,471,331.91%,1000,824,,,
641,0.70%,881,2.34%,756,22.64%,838,825,,,
142,2.78%,992,0.39%,532,66.81%,954,826,,,
458,0.32%,705,8.34%,950,20.68%,824,826,,,
294,0.41%,758,4.45%,877,26.20%,848,828,,,
997,1.47%,970,1.12%,643,34.54%,895,836,,,
808,0.35%,727,4.14%,869,48.52%,930,842,,,
481,0.89%,926,2.70%,790,18.63%,813,843,,,
308,0.72%,886,2.63%,780,29.21%,869,845,,,
455,2.33%,985,3.18%,824,9.35%,749,853,,,
165,3.90%,995,0.69%,588,143.23%,976,853,,,
502,1.15%,950,1.20%,654,70.76%,958,854,,,
646,0.86%,922,2.75%,797,26.40%,850,856,,,
662,1.22%,957,4.37%,875,11.63%,777,870,,,
137,0.46%,791,7.03%,934,37.67%,905,877,,,
148,0.72%,890,2.69%,789,145.57%,977,885,,,
266,1.15%,949,7.22%,939,11.51%,773,887,,,
186,0.84%,915,4.91%,893,37.39%,904,904,,,
306,1.45%,967,7.27%,940,18.03%,807,905,,,
461,4.43%,998,2.60%,777,60.25%,945,907,,,
504,0.72%,889,4.30%,873,81.13%,962,908,,,
691,0.89%,928,5.69%,916,33.53%,887,910,,,
368,0.64%,860,16.08%,992,36.51%,902,918,,,
680,0.73%,892,5.19%,904,104.60%,970,922,,,
474,1.22%,955,5.80%,919,39.37%,909,928,,,
132,1.13%,948,6.63%,929,38.78%,907,928,,,
648,1.01%,939,5.51%,915,51.37%,935,930,,,
667,1.22%,954,10.01%,968,36.96%,903,942,,,
135,1.46%,968,12.74%,985,33.58%,888,947,,,
684,3.07%,993,4.67%,884,146.30%,978,952,,,
163,2.77%,991,5.06%,901,152.88%,980,957,,,
147,5.15%,999,6.48%,925,157.55%,981,968,,,
159,2.44%,989,10.44%,975,211.34%,993,986,,,